group,provision,bill_sections,what_it_does,helps,emissions_direction,emissions_scale,context_anchor,anchor_source,anchor_source_url
Mostly helps clean energy,Transmission,"§§2101–2105, 2109",FERC backstop siting without a DOE corridor; interregional planning,Clean,Lowers,large (>100 MtCO2/yr),"If transmission grew only ~1%/yr, >80% of the IRA’s potential 2030 cuts would be lost (REPEAT, 2022)",Princeton REPEAT (2022),https://zenodo.org/records/7106176
Mostly helps clean energy,Interconnection queues,"§§2106, 2110, 2111","Planned zones with fixed connection costs; faster, automated studies",Clean,Lowers,moderate (10-100 MtCO2/yr),"~85% of the 2,061 GW waiting to connect is solar, wind and storage; median wait 61 months (LBNL)","LBNL, Queued Up 2026 edition; author calculation",https://emp.lbl.gov/publications/queued-2026-edition-characteristics
Mostly helps clean energy,Renewables and geothermal,"§§2213–2214, 2221–2228",Faster decisions on public land; annual geothermal lease sales,Clean,Lowers,small (<10 MtCO2/yr),,,
Mostly helps clean energy,Historic-preservation reviews,§2301,Visual impacts on historic sites mostly no longer count as ‘adverse’,Clean,Lowers,small (<10 MtCO2/yr),,,
Mostly helps clean energy,Offshore wind leasing,§§2251–2252,Looser ‘interference with other uses’ test; preferred cable routes,Clean,Lowers,small (<10 MtCO2/yr),,,
Cuts both ways,NEPA deadlines and lawsuit limits,"§§1106, 1110, 2201",Tighter review deadlines; 150 days to sue; courts can’t cancel permits,Both,"Lowers, on net",moderate (10-100 MtCO2/yr),Clean projects outnumbered fossil 2.4:1 in 2010–18 energy EISs and 2:1 in lawsuits (Bennon & Wilson),"Bennon & Wilson (2023), Table 1; author's recount",https://www.elr.info/sites/default/files/files-general/53.10836.pdf
Cuts both ways,Permit certainty and deadlines,"§§1401, 1402(c), 1403",Protects issued permits; forces decisions on stalled non-NEPA permits,Both,"Lowers, for now",moderate (10-100 MtCO2/yr),"57 GW of wind, solar and hybrid canceled or delayed by federal actions (plaintiffs’ est.): 44–88 MtCO₂/yr if built",Charles River Associates estimate cited in Renew Northeast v. DOI (via Utility Dive); author calculation,https://www.utilitydive.com/news/court-trump-wind-solar-permitting/818152/
Cuts both ways,Damages for permit discrimination,§1402,Large damages if agencies intentionally delay or deny a project type,Both,Either way,unknown,,,
Mostly helps fossil fuels,Gas pipeline expansion,"§§2102(b), 1202, 1204","Looping and compression in existing corridors skip NEPA; state water-quality vetoes narrowed, federal wetland permits eased (helps power lines too)",Fossil,Likely raises,moderate (10-100 MtCO2/yr),Each 1 Bcf/d of added capacity ≈ 20 MtCO₂/yr if fully used (gross),EIA emission factors; author calculation,https://www.eia.gov/environment/emissions/co2_vol_mass.php
Mostly helps fossil fuels,Onshore oil and gas drilling,"§§2211, 2229",No federal permit for many private-land wells; broader NEPA exemptions,Fossil,Raises,small (<10 MtCO2/yr),Output is set mostly by prices; ~57% of added federal oil displaces production elsewhere (RFF),"Resources for the Future (Prest, 2024)",https://www.rff.org/publications/issue-briefs/federal-permitting-reform-expand-oil-and-gas-leasing-carbon-emissions/
